File_Name	SHA256	Size_Bytes	Role	Run_UTC
Herpes_Pain_Source_Replication_Analysis_2026-09-23_v001.py	14079fb8da47a7c06641b21c96f4778fc6bee31c4defdc8752f166bb572df3e2	27915	Analysis script	2026-09-23T16:38:14Z
Herpes_Pain_Source_Replication_Workbook_Builder_2026-09-23_v001.mjs	1bdb0516a64b62f6b68d9ad348ee03c09283729205d6636c4d17487bd4f3d1e1	15276	Workbook builder	2026-09-23T16:38:14Z
Herpes_Pain_Source_Replication_README_2026-09-23_v001.md	2dc71b83372e109886daccaacae0be92bc0b8ac66599b456802a715844117507	1430	Package README	2026-09-23T16:38:14Z
Herpes_Pain_Source_Replication_Results_2026-09-23_v001.xlsx	4929c8ef5a150cdefbe42a9eaf695e74ca000c65d710c0b36a8642c884959963	24547	Result workbook	2026-09-23T16:38:14Z
primary_cure.csv	98b9bd8008618b33dd83a43d58d7eceec29dbbef58d6aadc60190671203e79bf	1460	Machine-readable analysis output	2026-09-23T16:38:14Z
table1_baseline.csv	00ada99425deca4c3a08fb7c75dab273d95f116ea0e956656e300d942491955c	979	Machine-readable analysis output	2026-09-23T16:38:14Z
table2_vas.csv	4db2f95cb87298443d558b1df1528b1f7213ddf1474d4e80efe905307e3e4493	967	Machine-readable analysis output	2026-09-23T16:38:14Z
table3_dlqi.csv	51481f840c4780d430ca6b6e66e1ef04e6ab4835bee427f978f69ed73aeb27b2	624	Machine-readable analysis output	2026-09-23T16:38:14Z
table4_safety.csv	21341da91c010700846b650f0f3a64308a9e3620426601f45714ef9a86886db2	1595	Machine-readable analysis output	2026-09-23T16:38:14Z
vas_observed_only_sensitivity.csv	439952ababdf759c073abb3fb8e50f9f4555145e4b1e808a0e63cc011d4d9a7d	1273	Machine-readable analysis output	2026-09-23T16:38:14Z
vas_missingness_qc.csv	1aef5c9c81221eadd8e3e5c5b907103ed7c34ff445177a8ccb503435714679a1	513	Machine-readable analysis output	2026-09-23T16:38:14Z
reconciliation.csv	a4cf40a4e9c7c0f7f0ccafa07184536e14b8b2fff1e6a46bdd0f08dc0b53f997	2449	Machine-readable analysis output	2026-09-23T16:38:14Z
analysis_metadata.json	1084b4284b8ecc10b11209ef38d740c7630870e2b4eea7a6192158693f11f2ef	1364	Machine-readable analysis output	2026-09-23T16:38:14Z
