Side_Effect,Total_Events,Total_Percent,Control_Events,Control_Percent,Experimental_Events,Experimental_Percent,Pearson_ChiSquare,Pearson_P,Fisher_OR,Fisher_P,Minimum_Expected,Published_Control_Events,Published_Experimental_Events,Published_P,Assessment
Nephrotoxicity,12,11.320754716981131,5,9.615384615384615,7,12.962962962962964,0.29570275403608687,0.5865890348511731,0.7142857142857143,0.7610842462750087,5.886792452830188,5,7,0.627,Unresolved source/publication discrepancy
Hepatotoxicity,8,7.547169811320755,3,5.769230769230769,5,9.25925925925926,0.46242877492877515,0.4964910642437367,0.6,0.716104620170755,3.9245283018867925,3,5,0.528,Unresolved source/publication discrepancy
Gastrointestinal disorder,20,18.867924528301888,11,21.153846153846153,9,16.666666666666668,0.34843470483005395,0.555000545887965,1.3414634146341464,0.6242426713339525,9.81132075471698,12,9,0.498,Unresolved source/publication discrepancy
Nausea,16,15.09433962264151,9,17.307692307692307,7,12.962962962962964,0.3901808325419438,0.5322043638154286,1.4053156146179402,0.5947292569027466,7.849056603773585,9,7,0.592,Unresolved source/publication discrepancy
Vomiting,4,3.7735849056603774,2,3.8461538461538463,2,3.7037037037037037,0.0014803642254622603,0.9693085638866381,1.04,1.0,1.9622641509433962,3,2,0.632,Unresolved source/publication discrepancy
Upper gastrointestinal bleeding,0,0.0,0,0.0,0,0.0,,,,,,0,0,,Rounding-compatible
Fainting,0,0.0,0,0.0,0,0.0,,,,,,0,0,,Rounding-compatible
Needle break,0,0.0,0,0.0,0,0.0,,,,,,0,0,,Rounding-compatible
Hematoma,0,0.0,0,0.0,0,0.0,,,,,,0,0,,Rounding-compatible
